Sponsor,id,Link,Category,Value,Year
Bellco,1,https://www.bellco.org/,Presenting Sponsor,35000,2017
Michael Starzer,2,N/A,VIP Sponsor,25000,2017
Denver Broncos,3,http://www.denverbroncos.com/fans/index.html,Reveal Sponsor,20000,2017
9News,4,http://www.9news.com/,Media Sponsor,20000,2017
Molson Coors,5,https://www.molsoncoors.com/en,Legacy Award Sponsor,20000,2017
DaVita,6,https://www.davita.com/about,Award Sponsor,15000,2017
Coleman Family Fund,7,N/A,Award Sponsor,15000,2017
Colorado Health Foundation,8,https://www.coloradohealth.org/,Award Sponsor,15000,2017
Bohemian,9,http://www.bohemianfoundation.org/,Award Sponsor,15000,2017
Comcast,10,https://corporate.comcast.com/values,Award Sponsor,15000,2017
Bellco,11,https://www.bellco.org/,Presenting Sponsor,35000,2018
Denver Broncos & Bud Light,12,http://www.denverbroncos.com/fans/index.html,Reveal Sponsor,20000,2018
Molson Coors,13,https://www.molsoncoors.com/en,Legacy Award Sponsor,20000,2018
Colorado Health Foundation,14,https://www.coloradohealth.org/,Award Sponsor,15000,2018
Vistage Worldwide Inc.,15,www.Vistage.com,Award Sponsor,15000,2018
